{
  "train_loss": [
    0.46710993349552155,
    0.05717648472636938,
    0.023529670666903257,
    0.017754873959347606,
    0.012971881777048111,
    0.011076179333031178,
    0.009841722203418612,
    0.008794572902843356,
    0.008449638029560447,
    0.0078046348644420505,
    0.007612774497829378,
    0.007432347745634615,
    0.007348364335484803,
    0.007328780251555145,
    0.007171247503720224,
    0.007186838309280574,
    0.007095995242707431,
    0.007041207514703274,
    0.006990324938669801,
    0.006927198846824467,
    0.006962565705180168,
    0.006848313729278743,
    0.006893600337207317,
    0.00689137727022171,
    0.006975855096243322,
    0.00690168421715498,
    0.006876225001178682,
    0.006911918637342751
  ],
  "val_loss": [
    0.48836496472358704,
    0.4879201650619507,
    0.46918702125549316,
    0.47070759534835815,
    0.458687424659729,
    0.4712894856929779,
    0.46159154176712036,
    0.4514438509941101,
    0.46710652112960815,
    0.47106674313545227,
    0.46909594535827637,
    0.4860219657421112,
    0.49294185638427734,
    0.4960488975048065,
    0.4958926737308502,
    0.5302098989486694,
    0.5187129378318787,
    0.5396410822868347,
    0.5238999128341675,
    0.5494089126586914,
    0.5368571877479553,
    0.5213431715965271,
    0.5488262176513672,
    0.5360361337661743,
    0.5215522050857544,
    0.5727826356887817,
    0.5473898649215698,
    0.5337204933166504
  ],
  "learning_rates": [
    0.001,
    0.001,
    0.001,
    0.001,
    0.001,
    0.001,
    0.001,
    0.001,
    0.001,
    0.001,
    0.001,
    0.001,
    0.001,
    0.001,
    0.001,
    0.001,
    0.001,
    0.001,
    0.001,
    0.0005,
    0.0005,
    0.0005,
    0.0005,
    0.0005,
    0.0005,
    0.0005,
    0.0005,
    0.0005
  ]
}